{
  "version": 1,
  "license": "CC-BY-SA-3.0",
  "copyright": "Inspiration/modification from/of https://github.com/tgstation/tgstation/commit/4f6190e2895e09116663ef282d3ce1d8b35c032e. Original Vox state made by Flareguy for SS14, all color modifications and corrections made by Vandanna.",
  "size": {
    "x": 32,
    "y": 32
  },
    "states": [
        {
            "name": "icon"
        },
        {
            "name": "equipped-OUTERCLOTHING",
            "directions": 4
        },
        {
          "name": "equipped-OUTERCLOTHING-vox",
          "directions": 4
        },
        {
            "name": "inhand-left",
            "directions": 4
        },
        {
            "name": "inhand-right",
            "directions": 4
        },
        {
            "name": "equipped-OUTERCLOTHING-harpy",
            "directions": 4
        }
    ]
}
